"success","timeout","failed_images","failed_audio","failed_video","trial_type","trial_index","plugin_version","time_elapsed","mturk_participant_id","mturk_assignment_id","mturk_project_id","trial_id","rt","stimulus","response","view_history","condition","correct_response_attn","selected_choice","first_item","first_past_tense","third_item","middle_causal","middle_similar","biological_substrate","feedback","age","ethnicity","gender","race"
"true","false","[]","[]","[]","preload","0","2.1.0","6","03BC245901AB48B48C184F0C889EE507","019b335d-c875-7f1d-865a-12410b3b9e9a","019b335b-d18e-7912-88ea-7560ffa79034","","","","","","","","","","","","","","","","","","",""
"","","","","","html-button-response","1","2.1.0","6535","03BC245901AB48B48C184F0C889EE507","019b335d-c875-7f1d-865a-12410b3b9e9a","019b335b-d18e-7912-88ea-7560ffa79034","consent","6526","<p><b>Consent Form</b></p> <div style=""text-align:left;background-color:lightblue; padding:2vw; max-width:80vw;""><p><b>Purpose:</b> The purpose of this study is to understand how people think about the physical and social world.</p><p><b>Procedures:</b> In this study, you will watch videos, read sentences, or see pictures, and answer simple questions about them. This study should take approximately 6 minutes.</p><p><b>Participation:</b> Participation in this study is voluntary. If you decide to join now, you can change your mind later. </p><p><b>Payment:</b> You will be paid $15.00/hour for participating in this study. Given the estimated duration of 6 minutes, your payment will amount to $1.50.</p><p><b>Risks and benefits:</b> There are no risks associated with participating in this study. There are no direct benefits associated with participating in this study. </p><p><b>Use of data by study researchers:</b> The research team led by Shari Liu at JHU will have access to your answers. </p><p><b>Publication of results:</b> The results of the research may be presented at scientific meetings or published in scientific journals. Your individual responses may be published. We will never publish your name, the date that you participated, and any other information that could be used to identify you. </p><p><b>Researcher contact information:</b> This study is run by Dr. Shari Liu at JHU. If you have any questions or concerns about this study, or in the very unlikely event of a research-related injury, please contact sliu199@jhu.edu. </p><p><b>Research rights information:</b> If you have questions about your rights as a research participant or feel that you have not been treated fairly, please call the Homewood Institutional Review Board at Johns Hopkins University at (410) 516-6580. If you have any questions or issues completing the survey, please email Shari Liu at sliu199@jhu.edu. </p> </div><p> Do you consent to participate? </p>","0","","","","","","","","","","","","","","",""
"","","","","","instructions","2","2.1.0","80487","03BC245901AB48B48C184F0C889EE507","019b335d-c875-7f1d-865a-12410b3b9e9a","019b335b-d18e-7912-88ea-7560ffa79034","","73948","","","[{""page_index"":0,""viewing_time"":73948}]","","","","","","","","","","","","","",""
"","","","","","html-button-response","3","2.1.0","83734","03BC245901AB48B48C184F0C889EE507","019b335d-c875-7f1d-865a-12410b3b9e9a","019b335b-d18e-7912-88ea-7560ffa79034","","3245","
    <p style=""font-size: 25px;"">For this question, please select ""<strong>choose what to do</strong>""</p>
    ","0","","attention_check_common_cause","choose what to do","choose what to do","","","","","","","","","","",""
"","","","","","html-button-response","4","2.1.0","95131","03BC245901AB48B48C184F0C889EE507","019b335d-c875-7f1d-865a-12410b3b9e9a","019b335b-d18e-7912-88ea-7560ffa79034","","11393","
      <p style=""font-size: 25px;"">Which phrase best fits the blank?</p>
      <br>
      <p style=""font-size: 25px;"">You discovered a gene, VF501, which controls
        <br>whether a species of creature can <strong>get sick</strong>, ____________ , 
        and <strong>become hungry</strong>.</p>
      <br>
      ","1","","common_cause","","<p style=""font-size: 25px;""><strong>experience pain</strong></p>","get sick","got sick","become hungry","remember something","experience pain","VF501","","","","",""
"","","","","","html-button-response","5","2.1.0","115339","03BC245901AB48B48C184F0C889EE507","019b335d-c875-7f1d-865a-12410b3b9e9a","019b335b-d18e-7912-88ea-7560ffa79034","","20204","
      <p style=""font-size: 25px;"">Which phrase best fits the blank?</p>
      <br>
      <p style=""font-size: 25px;"">You discovered a gene, UT902, which controls
        <br>whether a species of creature can <strong>remember something</strong>, ____________ , 
        and <strong>hear something</strong>.</p>
      <br>
      ","0","","common_cause","","<p style=""font-size: 25px;""><strong>think about something</strong></p>","remember something","remembered something","hear something","feel scared","think about something","UT902","","","","",""
"","","","","","html-button-response","6","2.1.0","121374","03BC245901AB48B48C184F0C889EE507","019b335d-c875-7f1d-865a-12410b3b9e9a","019b335b-d18e-7912-88ea-7560ffa79034","","6032","
      <p style=""font-size: 25px;"">Which phrase best fits the blank?</p>
      <br>
      <p style=""font-size: 25px;"">You discovered a gene, APP12, which controls
        <br>whether a species of creature can <strong>become hungry</strong>, ____________ , 
        and <strong>feel scared</strong>.</p>
      <br>
      ","1","","common_cause","","<p style=""font-size: 25px;""><strong>get tired</strong></p>","become hungry","became hungry","feel scared","think about something","get tired","APP12","","","","",""
"","","","","","html-button-response","7","2.1.0","130953","03BC245901AB48B48C184F0C889EE507","019b335d-c875-7f1d-865a-12410b3b9e9a","019b335b-d18e-7912-88ea-7560ffa79034","","9576","
      <p style=""font-size: 25px;"">Which phrase best fits the blank?</p>
      <br>
      <p style=""font-size: 25px;"">You discovered a gene, HFE1A, which controls
        <br>whether a species of creature can <strong>choose what to do</strong>, ____________ , 
        and <strong>hear something</strong>.</p>
      <br>
      ","0","","common_cause","","<p style=""font-size: 25px;""><strong>see something</strong></p>","choose what to do","chose what to do","hear something","take a walk","see something","HFE1A","","","","",""
"","","","","","html-button-response","8","2.1.0","137120","03BC245901AB48B48C184F0C889EE507","019b335d-c875-7f1d-865a-12410b3b9e9a","019b335b-d18e-7912-88ea-7560ffa79034","","6164","
      <p style=""font-size: 25px;"">Which phrase best fits the blank?</p>
      <br>
      <p style=""font-size: 25px;"">You discovered a gene, BRCA1, which controls
        <br>whether a species of creature can <strong>sit down</strong>, ____________ , 
        and <strong>jump up and down</strong>.</p>
      <br>
      ","0","","common_cause","","<p style=""font-size: 25px;""><strong>take a walk</strong></p>","sit down","sat down","jump up and down","experience pain","take a walk","BRCA1","","","","",""
"","","","","","html-button-response","9","2.1.0","147402","03BC245901AB48B48C184F0C889EE507","019b335d-c875-7f1d-865a-12410b3b9e9a","019b335b-d18e-7912-88ea-7560ffa79034","","10282","
      <p style=""font-size: 25px;"">Which phrase best fits the blank?</p>
      <br>
      <p style=""font-size: 25px;"">You discovered a gene, CD8R1, which controls
        <br>whether a species of creature can <strong>jump up and down</strong>, ____________ , 
        and <strong>sit down</strong>.</p>
      <br>
      ","1","","common_cause","","<p style=""font-size: 25px;""><strong>get tired</strong></p>","jump up and down","jumped up and down","sit down","get tired","take a walk","CD8R1","","","","",""
"","","","","","html-button-response","10","2.1.0","153437","03BC245901AB48B48C184F0C889EE507","019b335d-c875-7f1d-865a-12410b3b9e9a","019b335b-d18e-7912-88ea-7560ffa79034","","6031","
      <p style=""font-size: 25px;"">Which phrase best fits the blank?</p>
      <br>
      <p style=""font-size: 25px;"">You discovered a gene, ZBT7A, which controls
        <br>whether a species of creature can <strong>get tired</strong>, ____________ , 
        and <strong>feel scared</strong>.</p>
      <br>
      ","0","","common_cause","","<p style=""font-size: 25px;""><strong>become hungry</strong></p>","get tired","got tired","feel scared","choose what to do","become hungry","ZBT7A","","","","",""
"","","","","","html-button-response","11","2.1.0","160516","03BC245901AB48B48C184F0C889EE507","019b335d-c875-7f1d-865a-12410b3b9e9a","019b335b-d18e-7912-88ea-7560ffa79034","","7076","
      <p style=""font-size: 25px;"">Which phrase best fits the blank?</p>
      <br>
      <p style=""font-size: 25px;"">You discovered a gene, FTR54, which controls
        <br>whether a species of creature can <strong>see something</strong>, ____________ , 
        and <strong>hear something</strong>.</p>
      <br>
      ","0","","common_cause","","<p style=""font-size: 25px;""><strong>remember something</strong></p>","see something","saw something","hear something","take a walk","remember something","FTR54","","","","",""
"","","","","","html-button-response","12","2.1.0","218972","03BC245901AB48B48C184F0C889EE507","019b335d-c875-7f1d-865a-12410b3b9e9a","019b335b-d18e-7912-88ea-7560ffa79034","","58453","
      <p style=""font-size: 25px;"">Which phrase best fits the blank?</p>
      <br>
      <p style=""font-size: 25px;"">You discovered a gene, TRE89, which controls
        <br>whether a species of creature can <strong>take a walk</strong>, ____________ , 
        and <strong>reach for something</strong>.</p>
      <br>
      ","1","","common_cause","","<p style=""font-size: 25px;""><strong>jump up and down</strong></p>","take a walk","took a walk","reach for something","see something","jump up and down","TRE89","","","","",""
"","","","","","instructions","13","2.1.0","221110","03BC245901AB48B48C184F0C889EE507","019b335d-c875-7f1d-865a-12410b3b9e9a","019b335b-d18e-7912-88ea-7560ffa79034","","2137","","","[{""page_index"":0,""viewing_time"":2136}]","","","","","","","","","","","","","",""
"","","","","","survey-html-form","14","2.1.0","254790","03BC245901AB48B48C184F0C889EE507","019b335d-c875-7f1d-865a-12410b3b9e9a","019b335b-d18e-7912-88ea-7560ffa79034","demographics_survey","33676","","{""feedback"":""The cadence of the sentence and if it fits properly. Not at the moment. Thank you!"",""age"":""41"",""gender"":""Female"",""other_gender"":"""",""race"":""White"",""other_race"":"""",""ethnicity"":""Hispanic""}","","","","","","","","","","","The cadence of the sentence and if it fits properly. Not at the moment. Thank you!","41","Hispanic","Female","White"
